Strategy,Period,CAGR,Vol,Sharpe,MaxDD,Exposure,Trades/yr,Fees/yr
C1 Donchian 1D bars,Full,0.40764063640784043,0.3958344579270709,1.0609575238734383,-0.4001252490529087,0.4946524064171123,15.127005347593583,0.022690508021390374
C1 Donchian 1D bars,Out-of-sample 2022+,0.07749185768800393,0.31751826487168106,0.3932559561517182,-0.40012524905290914,0.47733792312105566,15.91508892713712,0.02387263339070568
C3 RSI(2) 1D bars,Full,0.061023984666129794,0.20931742403171488,0.3887426235704702,-0.34327023043356697,0.12232620320855615,15.980949197860962,0.023971423796791444
C3 RSI(2) 1D bars,Out-of-sample 2022+,0.053495991243472485,0.14555983144214837,0.4305521421510868,-0.15844207356211515,0.11703958691910499,15.496270797475617,0.023244406196213426
C1 Donchian 4h bars,Full,0.19635860334017963,0.3694642820157519,0.6702909265222329,-0.6187829350450691,0.47511564398372624,96.66610934626317,0.14499916401939478
C1 Donchian 4h bars,Out-of-sample 2022+,-0.016961528906226042,0.2988035602162693,0.09223974890062069,-0.4541969101376637,0.4562410329985653,98.6599713055954,0.14798995695839312
C3 RSI(2) 4h bars,Full,-0.12473903355585869,0.18986957527218803,-0.605984104813306,-0.6855693207754325,0.13292091623474336,94.59120548403277,0.14188680822604918
C3 RSI(2) 4h bars,Out-of-sample 2022+,-0.18549680701531124,0.13893203447136523,-1.4064962148151314,-0.6423016863351181,0.135246293639407,93.21377331420372,0.13982065997130558
C1 Donchian 1h bars,Full,-0.2753889602341143,0.36957203654423243,-0.6867747134106752,-0.9479793613671842,0.463841059602649,397.0548623213664,0.5955822934820495
C1 Donchian 1h bars,Out-of-sample 2022+,-0.3410915637505948,0.3148133881071468,-1.1678311184100674,-0.8840835557777393,0.46025634894064754,401.36209287866467,0.602043139317997
C3 RSI(2) 1h bars,Full,-0.33727724533829473,0.17517378683238202,-2.2600928322685707,-0.9664343918687909,0.12644126873475078,374.8266294876264,0.5622399442314396
C3 RSI(2) 1h bars,Out-of-sample 2022+,-0.3988560050916805,0.12860212055091835,-3.8925688313826723,-0.9136973417962969,0.12492228227079248,359.88521689224734,0.539827825338371
