Portfolio,Period,CAGR,Vol,Sharpe,MaxDD,Exposure,Trades/yr
Equal capital (1/3 each),Full,0.1898788848134314,0.15775763451980546,1.1810367810055493,-0.16545799002695005,0.9308314937454011,55.46173657100809
Equal capital (1/3 each),In-sample,0.443359244633585,0.20924840913452647,1.8591131800085947,-0.16545799002695005,0.9529170931422722,57.1596724667349
Equal capital (1/3 each),Out-of-sample 2022+,0.06847670897523295,0.11915419487391984,0.6153623977583145,-0.15418470848701726,0.9184845005740528,54.47761194029851
Risk parity (inverse vol),Full,0.052460081196702424,0.047577642324592204,1.09859161201013,-0.06792293570216457,0.9308314937454011,69.62932303164091
Risk parity (inverse vol),In-sample,0.0813114268478965,0.06543769669753417,1.227638644408189,-0.06792293570216457,0.9529170931422722,73.41095189355168
Risk parity (inverse vol),Out-of-sample 2022+,0.03679311782355321,0.03362067441947167,1.0915052291117588,-0.04288124355113976,0.9184845005740528,67.46842709529277
"Risk parity, 15% vol target",Full,0.18978323767441907,0.19223314514357975,1.00363732171191,-0.32457428334809113,0.9308314937454011,69.62932303164091
"Risk parity, 15% vol target",In-sample,0.3134012544291329,0.2804470975098639,1.1194708420649644,-0.32457428334809113,0.9529170931422722,73.41095189355168
"Risk parity, 15% vol target",Out-of-sample 2022+,0.1262369517286248,0.11638215553630715,1.0791911483621832,-0.14487644889866158,0.9184845005740528,67.46842709529277
  (alone) C1 Donchian,Full,0.44474848678385626,0.39836043156063267,1.1222452405951702,-0.4001252490529087,0.5022075055187638,15.510485651214127
  (alone) C1 Donchian,Out-of-sample 2022+,0.07753802381334296,0.31760940160713796,0.39336879785269535,-0.40012524905290914,0.47761194029850745,15.924225028702642
  (alone) C3 RSI(2),Full,0.06443658864430679,0.2192171010992304,0.3956134529801227,-0.34327023043356686,0.13245033112582782,17.457689477557025
  (alone) C3 RSI(2),Out-of-sample 2022+,0.053695758356393286,0.1451367341024133,0.4326817005695819,-0.15844207356211515,0.11653272101033295,15.50516647531573
  (alone) F3 FX mean rev,Full,0.018334692095760552,0.02663975678501242,0.695277476988412,-0.03538277968407799,0.8458425312729948,26.92512877115526
  (alone) F3 FX mean rev,Out-of-sample 2022+,0.025896238425351603,0.027680430686496747,0.9373957273765724,-0.030216641808165745,0.8157290470723306,27.238805970149254
  (benchmark) BTC buy & hold,Full,0.44411750872225,0.616937592417876,0.9094129054797403,-0.7662925431645937,1.0,0.0
  (benchmark) BTC buy & hold,Out-of-sample 2022+,0.12801001109573762,0.5056454613762362,0.4909508056064158,-0.669312370541033,1.0,0.0
