Strategy,Period,CAGR,Vol,Sharpe,MaxDD,Exposure,Trades/yr
C1 Donchian trend (BTC/ETH),Full,0.4053712298314833,0.3959211641305111,1.0567315589937594,-0.40012524905290936,0.495152123035774,15.193079237713137
C1 Donchian trend (BTC/ETH),In-sample,1.0344000956980635,0.4835866824624533,1.7101221587396762,-0.321842560919096,0.5192,14.162
C1 Donchian trend (BTC/ETH),Out-of-sample 2022+,0.07753802381334296,0.31760940160713796,0.39336879785269535,-0.40012524905290914,0.47761194029850745,15.924225028702642
C2 X-sectional momentum (top 3 of 15),Full,0.539438195598541,0.7113738462879887,0.9563254899167699,-0.6500383350246016,0.5940919037199125,36.340262582056894
C2 X-sectional momentum (top 3 of 15),In-sample,1.9878022616768338,0.9541162482193148,1.6147728490938082,-0.6370636816395714,0.7272727272727273,42.66233766233766
C2 X-sectional momentum (top 3 of 15),Out-of-sample 2022+,0.060191346361562426,0.5218598788128747,0.3717727118994444,-0.6500383350246015,0.5177956371986223,32.68656716417911
C3 RSI(2) dip-buy (BTC/ETH),Full,0.06733442953073454,0.21917479305507837,0.4080504936887099,-0.34327023043356697,0.13399412628487517,17.48623348017621
C3 RSI(2) dip-buy (BTC/ETH),In-sample,0.09647069366586702,0.30966717516350173,0.454611455146141,-0.34327023043356697,0.16480162767039674,20.979145473041708
C3 RSI(2) dip-buy (BTC/ETH),Out-of-sample 2022+,0.053695758356393286,0.1451367341024133,0.4326817005695819,-0.15844207356211515,0.11653272101033295,15.50516647531573
   BTC buy & hold (benchmark),Full,0.33424227596636924,0.6151359831796117,0.7811273383733729,-0.7662925431645937,1.0,0.0
   BTC buy & hold (benchmark),In-sample,0.7014684510449247,0.7410953550933314,1.0974234006883112,-0.6334142876781383,1.0,0.0
   BTC buy & hold (benchmark),Out-of-sample 2022+,0.12801001109573762,0.5056454613762362,0.4909508056064158,-0.669312370541033,1.0,0.0
F1 G8 carry (long 3 / short 3),Full,0.005086021657481066,0.07160464552609498,0.10672039426936945,-0.25598013288618715,1.0,1.095902952620737
F1 G8 carry (long 3 / short 3),In-sample,-0.0054719540282522905,0.07771270062506222,-0.031675859355466136,-0.25598013288618715,1.0,1.207667731629393
F1 G8 carry (long 3 / short 3),Out-of-sample 2022+,0.03225983235272567,0.05312825216967119,0.624242730637217,-0.07978955960222434,1.0,0.8135593220338982
F2 Time-series momentum (7 majors),Full,-0.006180947276976156,0.06268679275457183,-0.06755339276923013,-0.2904805721667242,1.0,176.2096589608606
F2 Time-series momentum (7 majors),In-sample,0.005287026308577136,0.06083755323542155,0.11710252753662613,-0.15453491793850826,1.0,176.3597444089457
F2 Time-series momentum (7 majors),Out-of-sample 2022+,-0.03457238299403387,0.06712363344418984,-0.4905872963213025,-0.2317770091538448,1.0,175.83050847457625
F3 Bollinger mean reversion (crosses),Full,0.008792158800476013,0.02979230596046438,0.3086924518863841,-0.07079603998489825,0.8672465094987412,25.407644769970243
F3 Bollinger mean reversion (crosses),In-sample,0.0023978230991634764,0.030731560094884175,0.09328677668545754,-0.07079603998489825,0.889776357827476,24.998722044728435
F3 Bollinger mean reversion (crosses),Out-of-sample 2022+,0.0251279958050743,0.02726172232919774,0.9239044170345894,-0.030216641808165745,0.8103309120258273,26.440677966101692
