term,cluster,intent,season
drawer organizer for makeup,drawer,transactional,evergreen
drawer organizer for socks and underwear,drawer,transactional,evergreen
bamboo drawer dividers adjustable,drawer,transactional,evergreen
expandable drawer organizer kitchen utensils,drawer,transactional,evergreen
felt drawer organizer for jewelry,drawer,transactional,evergreen
desk organizer for small desk,desk,transactional,back-to-school
bamboo desk organizer with drawer,desk,transactional,evergreen
desk organizer for pens and sticky notes,desk,transactional,evergreen
monitor stand with storage drawer,desk,transactional,evergreen
cable organizer for desk under,desk,transactional,evergreen
desk mat large felt,desk,transactional,evergreen
desk mat with wrist rest,desk,transactional,evergreen
minimalist desk mat leather,desk,transactional,evergreen
desk mat for dual monitors,desk,transactional,evergreen
undated weekly planner with habit tracker,planner,transactional,new-year
undated daily planner for adhd,planner,transactional,new-year
habit tracker journal 90 days,planner,transactional,new-year
meal planning notepad magnetic,planner,transactional,new-year
weekly planner pad for desk,planner,transactional,new-year
goal setting journal undated,planner,transactional,new-year
morning routine journal for women,planner,transactional,new-year
cleaning schedule planner printable,planner,informational,spring
pantry organization bins with labels,kitchen,transactional,new-year
under sink organizer two tier,kitchen,transactional,spring
spice rack organizer for drawer,kitchen,transactional,evergreen
lid organizer for pots and pans,kitchen,transactional,evergreen
fridge organizer bins clear,kitchen,transactional,new-year
tea bag organizer box bamboo,kitchen,transactional,gift
coffee station organizer tray,kitchen,transactional,gift
silicone utensil holder divided,kitchen,transactional,evergreen
bathroom counter organizer tray,bathroom,transactional,evergreen
hair tool organizer wall mount,bathroom,transactional,evergreen
skincare organizer with drawers,bathroom,transactional,gift
entryway key and mail organizer wall,entryway,transactional,evergreen
over door shoe organizer clear pockets,closet,transactional,back-to-school
closet shelf dividers acrylic,closet,transactional,spring
hanging closet organizer with drawers,closet,transactional,spring
sherpa throw blanket oversized,cozy,transactional,holiday
fleece throw blanket with pattern,cozy,transactional,holiday
cozy throw blanket for couch gift,cozy,transactional,holiday
minimalist throw blanket neutral,cozy,transactional,holiday
gift for someone who loves organizing,gift,transactional,holiday
desk gift for new job,gift,transactional,holiday
work from home gift set,gift,transactional,holiday
planner gift set for women,gift,transactional,holiday
how to organize a small desk,guide,informational,back-to-school
how to organize kitchen drawers without buying anything,guide,informational,spring
undated vs dated planner which is better,guide,informational,new-year
best way to organize makeup in a drawer,guide,informational,evergreen
how to set up a habit tracker that sticks,guide,informational,new-year
desk setup for small apartment,guide,informational,back-to-school
pantry organization on a budget,guide,informational,new-year
snuffle mat for dogs,contingency-pet,transactional,evergreen
dog puzzle feeder slow,contingency-pet,transactional,evergreen
lick mat for dogs bath,contingency-pet,transactional,evergreen
cat puzzle feeder interactive,contingency-pet,transactional,evergreen
